marketplace,title,price
US,Vol Au Vents,85.44
CA,Whmis Spray Bottle Graduated,91.0
US,"Potatoes - Yukon Gold, 80 Ct",53.18
CA,Cumin - Whole,48.61
CA,Wine - Baron De Rothschild,23.08
MX,Garbage Bag - Clear,92.02
US,Wine - Pinot Noir Mondavi Coastal,53.25
CA,Mace,27.13
CA,Parsnip,68.96
CA,Pepper - Jalapeno,87.09
MX,"Split Peas - Green, Dry",38.22
CA,Bread Base - Italian,30.34
CA,Pepper - Red Bell,98.14
US,Containter - 3oz Microwave Rect.,45.2
MX,"Cheese - Havarti, Salsa",31.93
CA,Aspic - Clear,70.22
US,Vodka - Moskovskaya,20.46
US,Daves Island Stinger,61.51
MX,Bandage - Finger Cots,86.67
MX,Coffee - Hazelnut Cream,69.46
US,Oil - Cooking Spray,78.27
MX,"Soup - Canadian Pea, Dry Mix",69.7
CA,"Pasta - Lasagna, Dry",51.2
US,Soup Campbells Turkey Veg.,51.01
US,Chicken Giblets,56.78
CA,Wine - Zinfandel Rosenblum,49.94
US,Eel Fresh,54.75
MX,Beef - Tenderloin Tails,71.62
US,Kumquat,87.93
US,Tuna - Yellowfin,93.62
US,Chinese Lemon Pork,66.17
US,Chocolate - Dark Callets,56.35
US,"Pasta - Lasagna, Dry",79.54
MX,Cheese - Ricotta,80.37
US,"Oil - Shortening,liqud, Fry",48.16
CA,Cups 10oz Trans,23.33
CA,Oil - Sunflower,58.09
CA,"Pasta - Cappellini, Dry",75.42
MX,Tahini Paste,78.51
US,"Oregano - Dry, Rubbed",37.1
CA,Chicken - Base,38.66
MX,Wine - Periguita Fonseca,40.67
US,Trueblue - Blueberry,47.58
CA,Cactus Pads,32.44
MX,Taro Root,83.7
MX,Melon - Cantaloupe,86.47
CA,Bread - Multigrain Oval,36.1
CA,Icecream - Dstk Cml And Fdg,20.79
US,Sugar - Icing,59.1
US,Bread - Italian Corn Meal Poly,79.78
US,Trout - Smoked,49.83
CA,Bacardi Breezer - Tropical,75.71
MX,"Juice - Pineapple, 48 Oz",45.83
CA,Beer - Sleeman Fine Porter,78.68
CA,Turkey - Ground. Lean,60.06
MX,"Soup - French Onion, Dry",66.32
CA,Puree - Mango,52.98
MX,Spic And Span All Purpose,38.72
US,Lemon Pepper,45.85
US,Mace Ground,28.6
US,"Wine - White, Schroder And Schyl",88.49
CA,"Club Soda - Schweppes, 355 Ml",51.81
US,Sunflower Seed Raw,74.84
MX,Container - Clear 32 Oz,84.97
US,Kellogs Special K Cereal,84.05
US,Steam Pan Full Lid,72.32
CA,Island Oasis - Strawberry,23.21
US,"Lemonade - Kiwi, 591 Ml",95.28
US,Wine - Maipo Valle Cabernet,73.57
CA,Tea - Black Currant,22.58
MX,Currants,38.74
US,Wine - Fontanafredda Barolo,40.29
US,Sea Bass - Whole,60.16
US,Wine - Lou Black Shiraz,68.51
CA,Sword Pick Asst,36.39
CA,Browning Caramel Glace,64.09
MX,Mackerel Whole Fresh,81.28
CA,Scallops - 20/30,78.84
MX,Snapple - Mango Maddness,55.08
MX,Bread - Multigrain,83.38
CA,Broom Handle,23.12
MX,Chives - Fresh,57.86
CA,Shichimi Togarashi Peppeers,77.43
US,Wonton Wrappers,22.98
US,Pears - Bosc,82.41
US,Table Cloth 62x114 Colour,52.86
MX,Pear - Asian,79.25
US,Smirnoff Green Apple Twist,73.22
US,Clams - Bay,61.58
CA,Southern Comfort,35.38
CA,Mangoes,71.0
CA,Beef - Kobe Striploin,97.33
US,Eel Fresh,81.58
MX,Blouse / Shirt / Sweater,37.59
US,Skirt - 29 Foot,70.82
US,Cheese - Grana Padano,55.67
CA,Beef - Short Loin,23.57
CA,Wine - Charddonnay Errazuriz,21.54
US,Cookie Chocolate Chip With,38.61
CA,Scotch - Queen Anne,37.9
US,Coffee - Irish Cream,92.71
US,Muffin Carrot - Individual,98.37
MX,Sauce - Plum,96.32
US,Ginger - Ground,51.79
MX,Chocolate Bar - Smarties,82.86
US,Eggplant Oriental,61.53
US,Creme De Banane - Marie,96.96
US,Ham Black Forest,21.15
US,"Beef - Rouladin, Sliced",36.58
US,"Cheese - Mozzarella, Shredded",94.15
US,"Salsify, Organic",58.67
US,Chocolate Bar - Reese Pieces,85.2
CA,Salt And Pepper Mix - Black,62.08
US,Squid U5 - Thailand,58.76
US,Food Colouring - Orange,88.4
CA,Tuna - Salad Premix,95.66
US,Wine - Magnotta - Bel Paese White,63.25
US,Shrimp - Black Tiger 26/30,59.24
US,Bread - Malt,44.02
CA,Flour - Whole Wheat,41.95
CA,Remy Red,91.49
US,Edible Flower - Mixed,91.15
US,Wine - Spumante Bambino White,88.15
US,Allspice - Jamaican,20.19
MX,Soup Campbells,28.11
US,"Soup - Cream Of Broccoli, Dry",30.9
US,Appetizer - Shrimp Puff,22.38
US,Icecream - Dstk Cml And Fdg,25.49
MX,Pan Grease,64.94
MX,Irish Cream - Butterscotch,62.94
US,Mushroom - Porcini Frozen,55.52
MX,Cherries - Frozen,72.93
CA,"Pasta - Cannelloni, Sheets, Fresh",33.08
CA,Tuna - Sushi Grade,49.62
US,Sponge Cake Mix - Vanilla,83.92
US,"Wine - White, Riesling, Semi - Dry",93.39
CA,Oil - Canola,96.9
CA,Pork - Back Ribs,81.25
US,Pork - Backfat,98.32
US,Oil - Margarine,76.8
US,Pork - Smoked Kassler,46.7
US,Pork Loin Cutlets,56.76
CA,Beer - Labatt Blue,50.74
MX,"Pork - Bacon, Double Smoked",26.17
US,Beef - Bresaola,94.23
CA,Venison - Striploin,49.41
MX,Wine - Malbec Trapiche Reserve,61.04
US,"Beef - Bones, Cut - Up",85.43
MX,Salt - Sea,88.31
MX,Chocolate - Semi Sweet,51.85
US,Kaffir Lime Leaves,76.9
US,Muffin Batt - Carrot Spice,96.69
US,Wine - Zonnebloem Pinotage,34.91
US,Alize Gold Passion,82.23
CA,Black Currants,71.61
MX,Lambcasing,76.85
US,Daikon Radish,97.74
CA,Pastry - Raisin Muffin - Mini,55.46
MX,Chocolate - Dark Callets,74.04
US,Scallops - In Shell,94.46
MX,"Lemonade - Kiwi, 591 Ml",87.42
CA,"Wine - White, Chardonnay",78.38
US,Sprouts - Bean,81.2
MX,Bread - French Stick,49.7
US,V8 Splash Strawberry Banana,91.57
CA,Wine - Kwv Chenin Blanc South,47.83
US,Fudge - Chocolate Fudge,65.74
MX,"Coconut - Shredded, Unsweet",91.1
US,Salt And Pepper Mix - White,68.8
CA,Cheese - Goat With Herbs,65.15
US,Beans - Green,22.35
US,Venison - Racks Frenched,31.12
CA,Sardines,83.35
US,Parasol Pick Stir Stick,51.32
MX,Rosemary - Dry,88.36
MX,Syrup - Pancake,23.84
CA,Muffin Hinge Container 6,55.57
US,Wine - Sauvignon Blanc,34.0
US,Sugar - Cubes,52.58
US,"Pork - Ham, Virginia",98.74
CA,Hinge W Undercut,53.51
MX,Oregano - Fresh,58.92
US,Sprouts - China Rose,77.06
US,Salt - Sea,64.43
CA,Bread Fig And Almond,77.97
CA,Veal - Insides Provini,44.02
US,Puree - Raspberry,94.54
MX,Dragon Fruit,52.01
US,Glass Clear 7 Oz Xl,24.69
CA,Cherries - Fresh,79.6
MX,Pants Custom Dry Clean,81.35
US,"Soup - Campbells, Lentil",81.43
MX,"Artichokes - Knobless, White",90.82
US,Fish - Bones,39.08
US,"Juice - Orange, Concentrate",21.04
US,Mousse - Passion Fruit,72.98
CA,Syrup - Kahlua Chocolate,88.12
US,Wine - Rosso Toscano Igt,98.51
MX,Muffin - Blueberry Individual,43.16
US,Wine - Alicanca Vinho Verde,92.64
US,Wine - Charddonnay Errazuriz,76.58
MX,Beer - Sleemans Cream Ale,76.56
US,Aspic - Light,99.26
US,"Clams - Littleneck, Whole",45.93
US,Chicken Thigh - Bone Out,77.69
US,Bag Stand,78.28
CA,Wine - Gewurztraminer Pierre,62.69
MX,Muffin - Bran Ind Wrpd,64.15
MX,Bread - Triangle White,41.35
MX,Allspice - Jamaican,68.08
CA,Ice Cream - Life Savers,78.19
US,Celery Root,97.17
US,Tuna - Fresh,91.72
US,Bread - 10 Grain Parisian,71.26
US,Barramundi,45.02
US,Gelatine Leaves - Envelopes,63.8
US,Cake - Cake Sheet Macaroon,79.87
US,Tea - Black Currant,40.99
US,Red Pepper Paste,88.43
US,Halibut - Fletches,25.9
US,Broom Handle,84.44
US,Yokaline,50.48
US,Tea - Grapefruit Green Tea,91.96
US,"Turkey - Breast, Boneless Sk On",22.52
US,Cornish Hen,56.49
CA,Tilapia - Fillets,85.88
US,Wine - Montecillo Rioja Crianza,20.8
CA,Beef - Diced,85.76
US,Crab - Meat,49.74
MX,Vol Au Vents,57.76
MX,Puree - Mango,92.16
US,Flour - Strong Pizza,81.8
US,"Nut - Hazelnut, Whole",82.45
MX,Gelatine Leaves - Envelopes,80.79
CA,"Shrimp - Baby, Warm Water",55.88
US,Cookies Oatmeal Raisin,74.45
US,Lotus Leaves,72.69
US,Egg Patty Fried,68.52
US,Horseradish - Prepared,96.67
US,Beans - Green,40.93
MX,Pork Loin Bine - In Frenched,64.03
US,Chicken - Livers,38.23
US,Cookies - Englishbay Oatmeal,49.59
US,Rice - Brown,29.67
CA,Oil - Coconut,75.36
US,Corn - On The Cob,38.75
CA,Island Oasis - Lemonade,93.18
CA,Mushroom - Chanterelle Frozen,61.55
US,Cake - Night And Day Choclate,32.42
MX,Napkin White,75.74
US,Spice - Paprika,50.64
MX,"Lettuce - Romaine, Heart",81.53
US,"Tart Shells - Savory, 2",32.11
US,"Cheese - Cheddar, Old White",26.86
US,Pork - Shoulder,83.73
MX,Wine La Vielle Ferme Cote Du,39.29
MX,Ecolab Crystal Fusion,51.08
US,Muffin - Blueberry Individual,28.39
MX,Country Roll,46.29
CA,Wine - Chablis J Moreau Et Fils,21.06
US,"Beans - Black Bean, Canned",54.31
US,"Corn - Cream, Canned",32.13
CA,Mix Pina Colada,47.92
CA,Wine - Jaboulet Cotes Du Rhone,39.67
CA,"Cheese - Cheddar, Mild",22.02
CA,Aspic - Amber,95.9
US,Anchovy Fillets,50.38
MX,Compound - Mocha,53.3
CA,"Corn - Cream, Canned",73.18
US,Chicken - White Meat With Tender,63.65
MX,"Trout - Rainbow, Fresh",33.99
MX,Veal - Bones,48.24
US,Cheese - Brie Roitelet,70.96
CA,Cinnamon - Ground,48.85
CA,Sprouts - Bean,75.35
CA,Fennel - Seeds,52.88
US,Bread Fig And Almond,53.15
CA,Soup - Chicken And Wild Rice,60.98
US,"Juice - Apple, 341 Ml",46.0
US,Wine - Spumante Bambino White,27.11
CA,Bar Bran Honey Nut,58.93
US,Calypso - Strawberry Lemonade,75.59
US,Truffle - Whole Black Peeled,26.94
MX,Oyster - In Shell,26.94
CA,Oxtail - Cut,77.85
CA,"Nut - Almond, Blanched, Ground",59.84
US,"Cup - 6oz, Foam",93.22
MX,Eggplant - Asian,95.27
CA,Pork - Ground,54.43
CA,Tomatoes - Heirloom,44.19
MX,Container - Foam Dixie 12 Oz,47.56
US,Juice - Lagoon Mango,50.49
US,"Appetizer - Mini Egg Roll, Shrimp",89.98
CA,Eggplant Italian,36.52
US,Plate Pie Foil,20.04
MX,Canadian Emmenthal,25.64
US,Ham - Cooked Italian,83.41
MX,Wine - Jaboulet Cotes Du Rhone,54.43
US,"Beef - Tongue, Cooked",53.32
US,"Wine - Bourgogne 2002, La",64.13
US,Danishes - Mini Cheese,70.96
US,"Fish - Atlantic Salmon, Cold",38.34
US,"Turkey - Breast, Boneless Sk On",50.75
CA,"Chicken - Wings, Tip Off",56.52
US,Sugar - Icing,52.71
US,Arizona - Green Tea,99.82
US,Persimmons,59.11
MX,Bread - Pita,47.3
US,Veal - Eye Of Round,53.78
CA,Chickensplit Half,93.06
CA,Worcestershire Sauce,80.87
CA,"Vodka - Hot, Lnferno",38.01
CA,Mustard - Dijon,74.3
CA,"Beef - Chuck, Boneless",53.54
US,"Marsala - Sperone, Fine, D.o.c.",62.54
CA,Sauce - Soy Low Sodium - 3.87l,75.29
US,Wine - Barolo Fontanafredda,75.12
US,Energy Drink - Redbull 355ml,74.69
US,Bar Energy Chocchip,63.88
US,Tomatillo,81.42
US,Kaffir Lime Leaves,60.52
MX,"Tortillas - Flour, 10",82.16
CA,"Wine - Red, Gamay Noir",38.01
CA,Sauce - Oyster,73.76
CA,Nantuket Peach Orange,62.57
CA,"Cheese - Cheddar, Mild",33.01
US,Juice - Lagoon Mango,90.14
US,Chips Potato Swt Chilli Sour,28.77
US,Oil - Cooking Spray,48.64
US,Bread - Italian Roll With Herbs,76.23
US,Muffin Chocolate Individual Wrap,91.86
US,Wine - Touraine Azay - Le - Rideau,98.23
MX,Wiberg Super Cure,88.82
CA,Bread - Onion Focaccia,68.19
US,Scampi Tail,87.85
MX,Beef - Tenderloin - Aa,41.7
US,Juice - Mango,21.97
CA,Ecolab Digiclean Mild Fm,73.68
MX,Soup - French Can Pea,50.9
MX,"Gin - Gilbeys London, Dry",92.06
US,Lamb - Rack,26.73
CA,Lamb - Shoulder,53.36
US,Celery,34.18
US,Yokaline,31.67
MX,"Wine - Red, Gallo, Merlot",63.24
MX,Soup - Tomato Mush. Florentine,69.62
US,Broom And Brush Rack Black,48.05
US,Juice - V8 Splash,34.56
US,"Brandy - Orange, Mc Guiness",23.93
CA,Roe - White Fish,25.6
US,Leeks - Large,66.31
US,Tilapia - Fillets,82.67
MX,"Pasta - Lasagne, Fresh",24.45
US,Spaghetti Squash,74.1
US,Butter - Unsalted,54.54
US,Scallops - 20/30,62.7
MX,"Sauce - Gravy, Au Jus, Mix",40.29
US,Juice - Orange 1.89l,39.87
US,Parsley - Dried,75.57
US,"Marsala - Sperone, Fine, D.o.c.",21.55
US,Chutney Sauce,49.95
US,Amarula Cream,36.26
CA,Rice - Brown,44.03
US,Apple - Royal Gala,27.04
US,Crab - Imitation Flakes,36.7
US,"Yogurt - Peach, 175 Gr",66.01
US,Croissants Thaw And Serve,56.01
US,Beer - Paulaner Hefeweisse,48.24
CA,Cheese - Parmesan Grated,65.78
MX,Juice - Propel Sport,84.39
MX,Crab Meat Claw Pasteurise,39.29
US,Oil - Avocado,68.35
MX,Parsley - Dried,35.95
MX,Bread - Italian Sesame Poly,50.32
US,Cookie Double Choco,23.0
CA,Appetizer - Asian Shrimp Roll,43.44
US,Carroway Seed,31.32
CA,Veal - Heart,98.26
US,Coffee Cup 8oz 5338cd,92.74
US,Soap - Pine Sol Floor Cleaner,72.91
CA,Wine - Delicato Merlot,40.17
CA,"Lamb - Shoulder, Boneless",30.37
MX,Towels - Paper / Kraft,71.07
US,Chicken - Whole Roasting,91.31
US,"Turnip - White, Organic",86.51
US,Steampan Lid,90.06
CA,Bread - Mini Hamburger Bun,58.68
US,"Doilies - 12, Paper",98.02
CA,Tea - Green,60.21
US,Bay Leaf,70.83
US,Cup - Paper 10oz 92959,71.37
US,Wine - Jafflin Bourgongone,33.29
US,"Doilies - 5, Paper",23.76
MX,Wine - Acient Coast Caberne,20.98
US,"Salsify, Organic",47.2
US,Cookies - Assorted,65.51
MX,Absolut Citron,77.2
MX,Kiwi,76.75
CA,Fond - Chocolate,48.44
US,"Lemonade - Mandarin, 591 Ml",33.51
CA,"Bread - Rolls, Corn",28.38
US,Lettuce - Frisee,85.82
CA,Nantuket Peach Orange,86.97
MX,Vaccum Bag - 14x20,38.68
US,Tobasco Sauce,29.68
MX,"Squash - Pattypan, Yellow",89.17
US,Five Alive Citrus,26.48
US,Chips Potato Salt Vinegar 43g,47.96
CA,"Fish - Scallops, Cold Smoked",88.83
MX,Cheese - Oka,25.6
CA,Coriander - Seed,38.42
US,Bay Leaf,77.64
US,Cake - Mini Cheesecake,25.52
US,Sauce - Plum,75.41
US,Soup - Base Broth Beef,39.69
US,"Shrimp - 16/20, Peeled Deviened",60.95
US,Blueberries - Frozen,92.18
MX,Pur Source,72.31
US,Nutmeg - Ground,93.65
CA,Chicken Thigh - Bone Out,33.32
US,Wine - Pinot Noir Latour,60.07
MX,Pork - Bacon Cooked Slcd,56.79
US,"Mushroom - Shitake, Dry",69.49
MX,Wine - Charddonnay Errazuriz,23.46
MX,"Beans - Turtle, Black, Dry",53.78
CA,Flour - Semolina,89.82
MX,Parsley - Dried,76.86
US,"Tomatoes - Vine Ripe, Red",28.54
US,Basil - Fresh,49.75
US,Lamb - Bones,86.69
CA,Huck White Towels,96.65
US,Tuna - Yellowfin,40.1
US,Lime Cordial - Roses,68.1
US,"Pork - Butt, Boneless",23.26
US,"Pepper - Red, Finger Hot",95.16
MX,Sprouts - Baby Pea Tendrils,85.95
CA,Pastry - Carrot Muffin - Mini,47.9
US,Puff Pastry - Slab,97.04
US,Pasta - Cheese / Spinach Bauletti,66.62
MX,Basil - Seedlings Cookstown,67.07
US,"Bread - Bagels, Mini",37.39
CA,Wine - Beringer Founders Estate,50.28
US,Russian Prince,35.13
US,"Juice - Grape, White",48.62
US,"Tray - Foam, Square 4 - S",70.51
MX,Ecolab - Mikroklene 4/4 L,22.4
MX,Cloves - Whole,80.98
MX,Wine - Alicanca Vinho Verde,95.49
US,Sugar - Splenda Sweetener,90.93
US,Spice - Greek 1 Step,36.2
CA,Langers - Cranberry Cocktail,54.96
CA,Wine - Dubouef Macon - Villages,29.29
MX,Squid U5 - Thailand,40.42
US,"Juice - Apple, 1.36l",40.3
MX,Meldea Green Tea Liquor,46.96
US,Sobe - Cranberry Grapefruit,41.98
MX,Tea Leaves - Oolong,73.26
US,Wine - Periguita Fonseca,50.72
US,Lighter - Bbq,37.54
CA,Fond - Chocolate,73.26
CA,"Pepper - Black, Whole",89.44
US,"Wine - Red, Mouton Cadet",77.81
US,"Oil - Olive, Extra Virgin",89.06
US,"Veal - Leg, Provimi - 50 Lb Max",53.99
US,Sugar - Splenda Sweetener,88.56
US,Transfer Sheets,92.35
CA,Munchies Honey Sweet Trail Mix,88.06
US,Paste - Black Olive,87.88
US,Rice - Basmati,33.49
US,Huck White Towels,89.59
CA,Remy Red,83.05
US,"Wine - White, Colubia Cresh",81.99
MX,"Clams - Littleneck, Whole",88.36
US,Wine - Port Late Bottled Vintage,58.75
US,Beef - Tenderloin,83.46
CA,Muffin Mix - Chocolate Chip,61.63
CA,Bread - Olive Dinner Roll,64.27
US,Worcestershire Sauce,71.48
US,Tofu - Firm,34.65
CA,Soup - French Onion,50.13
MX,Dawn Professionl Pot And Pan,79.83
US,Longos - Lasagna Veg,77.85
CA,"Doilies - 12, Paper",78.8
US,Mayonnaise - Individual Pkg,88.84
US,"Pineapple - Canned, Rings",49.97
MX,"Ice - Clear, 300 Lb For Carving",26.36
MX,Pepper - Pablano,33.02
CA,Pernod,26.71
US,Soup - Chicken And Wild Rice,87.06
CA,Sugar - Invert,99.07
US,Tea - Earl Grey,54.38
MX,Pastry - Raisin Muffin - Mini,80.76
US,Milkettes - 2%,50.5
CA,Snapple - Iced Tea Peach,46.79
MX,"Wine - White, Cooking",29.81
CA,"Flour - Corn, Fine",47.21
CA,"Artichoke - Hearts, Canned",73.75
US,Napkin - Beverage 1 Ply,60.46
MX,Pate Pans Yellow,23.47
US,Maintenance Removal Charge,36.47
US,Wine - Pinot Grigio Collavini,44.56
MX,Turnip - White,38.73
US,Shrimp - Black Tiger 8 - 12,98.2
CA,Oil - Margarine,34.45
MX,"Chicken - Leg, Boneless",22.04
MX,Shrimp - Black Tiger 26/30,84.05
US,Wine - Sauvignon Blanc Oyster,21.2
US,"Pasta - Fettuccine, Dry",82.62
MX,Scallops - In Shell,49.43
CA,Wine - Chateauneuf Du Pape,45.83
US,Mint - Fresh,89.18
MX,Puree - Blackcurrant,44.48
MX,Soup Knorr Chili With Beans,60.83
US,"Roe - Lump Fish, Red",48.9
CA,Rabbit - Legs,26.7
MX,"Nestea - Ice Tea, Diet",72.3
US,Mangoes,24.68
CA,Papadam,85.18
CA,Persimmons,84.51
CA,Bread - Sour Batard,49.71
MX,"Beef - Rouladin, Sliced",88.41
US,Wine - Pinot Noir Mondavi Coastal,71.47
US,Cape Capensis - Fillet,89.34
US,External Supplier,64.87
CA,"Glass - Wine, Plastic, Clear 5 Oz",37.65
US,Raspberries - Fresh,69.95
CA,"Chicken - Thigh, Bone In",20.53
US,Pork - Belly Fresh,90.48
US,"Wine - White, Gewurtzraminer",64.61
US,Canada Dry,57.65
US,Pear - Asian,58.64
US,Artichoke - Fresh,59.51
MX,Bay Leaf Ground,97.25
CA,Swiss Chard - Red,95.93
US,Cheese - Stilton,39.16
US,Sunflower Seed Raw,23.67
CA,Rice - Basmati,96.35
MX,Couscous,80.48
US,Bar Nature Valley,24.51
US,Shopper Bag - S - 4,50.53
CA,Pastry - Choclate Baked,89.62
US,Absolut Citron,30.33
CA,Wine - Vovray Sec Domaine Huet,29.1
US,Pastry - Cheese Baked Scones,67.9
CA,Compound - Mocha,71.72
MX,"Fish - Halibut, Cold Smoked",88.75
US,Tea - Honey Green Tea,77.37
US,Ice Cream - Vanilla,60.37
CA,Eggplant Italian,94.41
CA,Slt - Individual Portions,42.06
US,"Crab - Claws, 26 - 30",96.88
US,Wine - Zinfandel Rosenblum,73.78
US,"Wine - Red, Pelee Island Merlot",58.18
CA,"Split Peas - Green, Dry",42.67
CA,Trueblue - Blueberry,38.66
CA,Parsnip,63.12
MX,Wine - Pinot Noir Mondavi Coastal,39.9
MX,Ice Cream Bar - Oreo Sandwich,61.5
US,Coconut - Whole,96.18
MX,Red Cod Fillets - 225g,35.96
US,"Shrimp, Dried, Small / Lb",23.2
US,"Pork - Butt, Boneless",65.58
US,"Wine - White, Concha Y Toro",38.46
MX,"Lamb - Whole, Fresh",35.02
CA,"Soup - Campbells, Beef Barley",76.44
US,"Juice - Apple, 500 Ml",51.95
US,Icecream Cone - Areo Chocolate,25.42
CA,"Fish - Soup Base, Bouillon",57.99
US,Yoghurt Tubes,87.23
CA,Container Clear 8 Oz,95.7
US,Coffee - Ristretto Coffee Capsule,39.06
CA,Jack Daniels,86.19
CA,Cookies - Englishbay Chochip,74.29
MX,Mini - Vol Au Vents,90.83
MX,"Wine - White, Ej",76.19
US,Browning Caramel Glace,43.05
MX,Extract - Raspberry,26.22
MX,Pepsi - 600ml,33.9
US,Pork - Kidney,62.13
US,Bay Leaf Ground,68.56
US,"Syrup - Monin, Amaretta",41.88
CA,Cake - Bande Of Fruit,72.03
US,Nacho Chips,51.33
MX,Potato - Sweet,64.04
US,Beer - Heinekin,23.19
US,Cleaner - Comet,33.9
MX,Yeast Dry - Fleischman,53.0
US,Lid - 16 Oz And 32 Oz,65.74
MX,Red Cod Fillets - 225g,46.87
US,Cheese - Valancey,87.24
MX,Bread - Raisin Walnut Oval,64.49
US,Wine - Semi Dry Riesling Vineland,30.79
US,Carbonated Water - Lemon Lime,26.3
US,Energy - Boo - Koo,33.65
US,Crab - Soft Shell,42.31
US,"Napkin - Dinner, White",64.16
US,Tart - Raisin And Pecan,48.62
CA,Cheese - Blue,89.75
CA,Chip - Potato Dill Pickle,67.16
CA,Nacho Chips,40.56
US,"Soup - Campbells, Spinach Crm",65.19
US,Glaze - Clear,63.65
CA,Wine - Vovray Sec Domaine Huet,32.15
MX,Coffee - Egg Nog Capuccino,61.4
US,Sugar - Splenda Sweetener,50.57
US,"Mushroom - Shitake, Fresh",76.24
MX,Pastry - Chocolate Marble Tea,29.49
US,Latex Rubber Gloves Size 9,39.58
CA,Creme De Menth - White,49.42
MX,"Lemonade - Mandarin, 591 Ml",97.31
CA,Kiwi Gold Zespri,34.14
CA,Pear - Halves,72.4
MX,"Pork - Tenderloin, Fresh",74.19
US,Squid Ink,20.66
CA,Soup Campbells,27.62
MX,"Apple - Delicious, Red",99.75
CA,"Bread - Pita, Mini",57.9
US,Soupcontfoam16oz 116con,75.64
MX,Butter Balls Salted,84.02
MX,Veal - Loin,79.59
US,Huck Towels White,82.99
US,"Pepper - Green, Chili",43.14
CA,"Ice - Clear, 300 Lb For Carving",26.76
US,Pepper - Roasted Red,80.53
US,"Wine - Red, Mosaic Zweigelt",56.03
CA,"Beef - Rib Roast, Capless",68.65
CA,Yeast Dry - Fleischman,58.69
US,Cinnamon Rolls,81.89
US,Wine - Penfolds Koonuga Hill,98.38
US,Fuji Apples,88.84
US,Table Cloth 62x120 White,83.34
US,Juice - Cranberry 284ml,41.44
MX,Bread Crumbs - Panko,40.92
US,Vaccum Bag - 14x20,33.96
US,Spice - Paprika,75.56
US,Limes,36.61
US,Butcher Twine 4r,33.75
US,Tomato - Plum With Basil,87.32
CA,Ecolab - Power Fusion,47.7
US,Cabbage - Red,44.01
MX,Cake - Bande Of Fruit,97.04
US,Extract - Almond,72.59
CA,Chicken Thigh - Bone Out,89.29
US,Cheese - La Sauvagine,66.35
US,"Cake Circle, Paprus",56.76
MX,"Nut - Chestnuts, Whole",99.65
MX,Soup Campbells Beef With Veg,59.12
MX,Shrimp - 31/40,94.29
MX,"Crab - Dungeness, Whole, live",63.5
MX,Soupcontfoam16oz 116con,75.35
CA,Beef Ground Medium,26.23
US,Oil - Margarine,48.05
US,Green Tea Refresher,30.7
US,Sobe - Cranberry Grapefruit,62.92
US,Clementine,42.15
US,Celery Root,90.76
US,"Pasta - Spaghetti, Dry",56.98
US,"Tart Shells - Savory, 3",46.27
US,Bread Crumbs - Japanese Style,36.25
CA,Wood Chips - Regular,24.19
CA,"Wine - Magnotta - Red, Baco",42.06
MX,Snapple Lemon Tea,51.3
US,Beef Striploin Aaa,69.17
MX,"Nut - Pistachio, Shelled",62.7
US,Cheese - Perron Cheddar,52.49
US,Paper Cocktail Umberlla 80 - 180,45.69
US,Cheese - Feta,56.85
MX,Cocoa Powder - Dutched,38.09
CA,Towel Dispenser,24.13
US,Bread - Olive Dinner Roll,43.05
US,Sage Ground Wiberg,42.4
CA,"Chicken - Wings, Tip Off",59.91
MX,Soup - French Onion,58.9
US,Cheese - Goat With Herbs,22.51
US,Trueblue - Blueberry 12x473ml,65.34
CA,Cheese - Ricotta,35.48
CA,Five Alive Citrus,56.84
CA,Food Colouring - Blue,78.84
US,"Pasta - Lasagne, Fresh",56.6
US,Onions - Green,47.65
US,Tea - Herbal - 6 Asst,53.19
MX,Pickerel - Fillets,92.84
MX,Lumpfish Black,88.56
MX,Turkey Leg With Drum And Thigh,87.75
US,Coffee Cup 8oz 5338cd,82.14
MX,"Lemonade - Black Cherry, 591 Ml",34.45
US,Apron,92.0
CA,Bag Stand,64.16
MX,"Crab - Blue, Frozen",90.83
US,Oven Mitt - 13 Inch,48.32
CA,Rambutan,22.67
US,Bread - Wheat Baguette,53.27
US,Filo Dough,47.0
US,Duck - Legs,92.02
MX,"Cherries - Bing, Canned",59.64
CA,Sobe - Green Tea,67.06
US,Venison - Liver,69.5
CA,Lime Cordial - Roses,39.71
CA,Coffee Beans - Chocolate,59.8
US,Sloe Gin - Mcguinness,67.21
CA,"Napkin - Dinner, White",22.35
US,"Coke - Classic, 355 Ml",85.59
US,Mustard - Dijon,55.61
MX,Mushroom - Morel Frozen,61.87
CA,Wine - Hardys Bankside Shiraz,84.91
MX,Lighter - Bbq,76.93
US,"Tray - Foam, Square 4 - S",62.48
US,Wine - Magnotta - Cab Franc,56.94
US,Breadfruit,50.89
MX,Wine - Lou Black Shiraz,95.78
US,Plasticknivesblack,79.39
US,Alize Gold Passion,42.36
MX,Wine - Magnotta - Pinot Gris Sr,84.33
CA,Pastry - Choclate Baked,29.59
US,"Pasta - Rotini, Colour, Dry",67.48
MX,Ham - Black Forest,75.07
MX,Zucchini - Green,23.48
US,Pork - Smoked Back Bacon,59.13
CA,Prunes - Pitted,25.39
CA,Silicone Paper 16.5x24,94.4
US,Cup - Paper 10oz 92959,77.73
CA,Extract - Lemon,29.64
US,Cake - Cheese Cake 9 Inch,99.0
CA,Appetizer - Sausage Rolls,99.66
MX,Shrimp - Prawn,29.2
US,Chervil - Fresh,83.48
US,Ham - Black Forest,97.3
US,Butcher Twine 4r,84.34
US,Peach - Halves,36.03
MX,Samosa - Veg,77.65
CA,Energy Drink,55.71
CA,Garlic - Peeled,98.35
MX,Tart - Lemon,83.9
MX,Potatoes - Peeled,23.66
MX,Flour - Cake,82.92
US,Tuna - Sushi Grade,89.12
US,Veal - Knuckle,27.58
US,Bay Leaf Ground,93.26
US,Danishes - Mini Cheese,87.76
US,Crab Meat Claw Pasteurise,75.29
US,General Purpose Trigger,52.07
US,"Roe - Lump Fish, Red",37.41
US,"Wine - Red, Pelee Island Merlot",89.44
US,Rice - Basmati,77.15
MX,Water - Aquafina Vitamin,59.79
CA,Daves Island Stinger,20.73
MX,Bar - Sweet And Salty Chocolate,52.68
US,Longos - Chicken Caeser Salad,92.98
MX,"Sauce - White, Mix",28.25
US,Syrup - Chocolate,39.6
CA,Flour - All Purpose,48.75
US,Tamarillo,22.39
CA,Plate Foam Laminated 9in Blk,31.51
MX,Skewers - Bamboo,43.45
CA,Oats Large Flake,89.46
MX,"Chicken - Leg, Boneless",58.6
MX,Green Tea Refresher,67.36
US,Muffin Batt - Choc Chk,87.51
MX,Soup - Campbells Mushroom,34.54
MX,"Asparagus - White, Canned",49.36
MX,Milk Powder,25.04
US,Scallops - 20/30,87.78
CA,Island Oasis - Pina Colada,25.22
CA,Dried Apple,86.37
US,Pomegranates,39.86
US,Munchies Honey Sweet Trail Mix,74.63
US,Onions - Vidalia,30.45
MX,"Mushroom - Shitake, Dry",89.52
CA,Sauce - Demi Glace,96.35
MX,Bread - 10 Grain Parisian,50.95
MX,Cheese - Brick With Onion,87.26
US,Carrots - Mini Red Organic,78.47
MX,Beef - Top Butt,92.41
MX,Clams - Canned,66.91
US,Beets,86.12
MX,Bread Sour Rolls,93.41
US,Sandwich Wrap,30.19
MX,Broom And Brush Rack Black,35.69
MX,Muffin - Mix - Creme Brule 15l,72.07
MX,Beans - Green,21.0
MX,Rabbit - Legs,63.4
MX,Tomato - Plum With Basil,87.93
US,Yams,33.83
US,Hog / Sausage Casing - Pork,90.16
CA,Mini - Vol Au Vents,33.04
US,Lettuce - Spring Mix,74.3
US,Hagen Daza - Dk Choocolate,64.6
CA,Sobe - Lizard Fuel,44.23
US,"Lettuce - Mini Greens, Whole",24.05
CA,"Juice - Tomato, 48 Oz",59.43
CA,Chocolate Liqueur - Godet White,84.17
MX,Glaze - Apricot,81.79
CA,Cheese - Grie Des Champ,31.74
US,Vodka - Moskovskaya,21.6
CA,Soup - Campbells Chicken,35.15
US,Pasta - Agnolotti - Butternut,35.21
US,Juice - Apple Cider,77.09
MX,Chicken - Ground,55.27
US,Kippers - Smoked,94.21
US,Juice - Happy Planet,76.22
US,Bread - Flat Bread,23.79
MX,Soup - Campbells Chili Veg,64.24
US,Gatorade - Orange,62.69
CA,"Wine - Red, Gamay Noir",92.03
CA,Eggplant - Regular,95.01
US,Mangostein,85.87
MX,Wine - Pinot Noir Stoneleigh,52.58
US,Dried Peach,99.03
US,Wine - Winzer Krems Gruner,62.3
MX,"Coffee - Colombian, Portioned",94.12
MX,"Beef - Tongue, Cooked",84.95
US,Horseradish - Prepared,94.45
CA,Strawberries - California,83.45
MX,Coffee - Flavoured,82.38
US,Bread - Flat Bread,68.37
MX,"Tabasco Sauce, 2 Oz",48.3
CA,Carrots - Mini Red Organic,64.25
MX,Cakes Assorted,81.04
CA,"Wine - Saint - Bris 2002, Sauv",23.51
US,Rabbit - Legs,86.07
US,Energy Drink,59.23
US,"Chocolate - Semi Sweet, Calets",56.87
US,Pur Value,88.27
MX,Rabbit - Saddles,26.65
CA,Lid Coffee Cup 8oz Blk,32.7
US,Wine - Magnotta - Belpaese,41.6
US,Dehydrated Kelp Kombo,86.28
US,Tahini Paste,29.69
US,Dry Ice,54.2
CA,Steampan Lid,99.43
CA,Lettuce - Green Leaf,36.92
US,Oil - Margarine,96.54
US,Peppercorns - Pink,26.14
CA,Pie Box - Cello Window 2.5,29.75
CA,Wine - Piper Heidsieck Brut,70.74
US,Jolt Cola,50.37
US,Chambord Royal,21.52
CA,"Pasta - Orzo, Dry",80.69
US,Bread Sour Rolls,87.15
US,"Trout - Rainbow, Frozen",25.01
CA,Ecolab - Hand Soap Form Antibac,76.24
US,Hot Choc Vending,41.49
MX,Pie Shells 10,25.69
US,Munchies Honey Sweet Trail Mix,93.94
US,Spring Roll Veg Mini,35.82
US,Aspic - Clear,90.83
MX,Cape Capensis - Fillet,66.46
CA,Nectarines,35.9
CA,Appetizer - Mango Chevre,95.7
MX,Pepper - Green,62.61
CA,Wine - Ruffino Chianti,47.46
US,Tamarind Paste,24.66
CA,Syrup - Kahlua Chocolate,41.3
MX,Vinegar - Cider,56.75
MX,Paper Towel Touchless,48.39
US,Dip - Tapenade,24.2
US,Coffee - Dark Roast,97.18
US,Turkey Tenderloin Frozen,88.6
MX,Yogurt - Assorted Pack,61.66
US,Spice - Montreal Steak Spice,44.5
US,Noodles - Steamed Chow Mein,27.06
US,Marzipan 50/50,45.51
CA,Contreau,80.8
US,Cloves - Whole,64.11
MX,Rice - Basmati,60.24
MX,Ham Black Forest,49.19
US,Appetizer - Lobster Phyllo Roll,61.14
CA,Appetizer - Southwestern,75.54
MX,Energy Drink - Franks Pineapple,69.02
CA,Puree - Passion Fruit,36.6
CA,Turkey Leg With Drum And Thigh,63.71
MX,Grapes - Red,49.37
US,"Artichoke - Hearts, Canned",35.38
CA,Raspberries - Frozen,47.88
US,French Pastry - Mini Chocolate,27.24
CA,Huck White Towels,63.6
US,Mushroom - Lg - Cello,22.24
US,Nacho Chips,77.04
MX,Beer - Camerons Cream Ale,27.79
US,Basil - Fresh,86.16
US,Mustard - Pommery,53.12
US,Sambuca - Opal Nera,42.94
CA,Wine - Champagne Brut Veuve,29.29
MX,Butter - Salted,25.54
CA,Chicken - Bones,97.2
CA,Rosemary - Dry,96.63
US,"Veal - Tenderloin, Untrimmed",23.47
MX,Oranges,93.49
US,Cocoa Powder - Dutched,89.56
MX,Sprouts - Pea,91.11
CA,"Pepper - White, Whole",96.84
MX,Beef - Tender Tips,42.52
US,"Roe - Lump Fish, Black",62.22
US,"Wine - Red, Cabernet Merlot",22.85
MX,Tomato Puree,89.41
CA,"Tomatoes - Vine Ripe, Yellow",92.34
US,Puree - Blackcurrant,63.03
MX,Cabbage Roll,96.99
MX,"Turkey - Whole, Fresh",43.18
US,Wine - Chateau Aqueria Tavel,75.46
US,Rye Special Old,43.58
US,Lemon Tarts,95.62
CA,"Crush - Orange, 355ml",77.04
CA,Basil - Thai,28.09
CA,Soup - Campbells - Chicken Noodle,69.44
CA,Butter Ripple - Phillips,72.04
CA,Remy Red,97.24
CA,"Coconut - Shredded, Sweet",84.85
US,Lychee - Canned,79.76
US,Broom - Corn,46.7
MX,"Bread - Roll, Italian",22.36
MX,Pan Grease,94.77
MX,Turnip - Mini,96.2
US,Pork - Smoked Kassler,22.94
MX,Higashimaru Usukuchi Soy,59.42
CA,Parsnip,63.33
CA,Bread Sour Rolls,96.79
CA,Sprouts - Bean,36.93
MX,Pepper - Gypsy Pepper,71.76
CA,Sausage - Chorizo,43.3
MX,Cheese - Gouda,81.63
US,Worcestershire Sauce,23.15
CA,Beef - Tenderloin Tails,73.75
US,"Shrimp - 16/20, Iqf, Shell On",23.17
CA,"Tart Shells - Sweet, 4",99.63
US,Beer - Labatt Blue,39.33
US,Extract - Almond,25.11
US,Cheese - Gorgonzola,33.54
CA,Icecream - Dstk Cml And Fdg,64.54
US,"Beer - Alexander Kieths, Pale Ale",90.37
US,Kumquat,26.59
US,Clams - Bay,74.66
US,Cleaner - Lime Away,47.48
MX,Ecolab - Medallion,29.08
US,Ecolab - Power Fusion,74.91
US,Bread Base - Toscano,26.16
US,Pork Loin Cutlets,67.22
CA,Soup - Campbells Beef Stew,86.63
US,"Cod - Salted, Boneless",33.82
US,"Brandy - Orange, Mc Guiness",69.56
CA,Chips Potato Reg 43g,63.54
CA,Radish - Pickled,73.53
MX,"Veal - Inside Round / Top, Lean",34.35
US,Milk - 1%,59.32
CA,Quiche Assorted,54.83
US,Rice - Basmati,47.55
US,"Wine - White, Gewurtzraminer",69.71
US,Shark - Loin,31.34
MX,"Lobster - Baby, Boiled",86.98
MX,Flour - Strong,56.92
US,"Butter - Salted, Micro",44.21
US,Cheese - Mascarpone,97.29
US,Onions - Red Pearl,91.73
US,Sage Ground Wiberg,51.08
CA,Hog / Sausage Casing - Pork,82.0
CA,Hog / Sausage Casing - Pork,78.23
US,Pear - Prickly,32.95
MX,Honey - Comb,53.84
US,"Seedlings - Mix, Organic",95.98
US,Curry Powder Madras,95.77
US,Sugar - Monocystal / Rock,86.04
US,Wine - Magnotta - Belpaese,36.7
MX,"Mop Head - Cotton, 24 Oz",47.75
US,Wine - Pinot Grigio Collavini,34.66
US,Sambuca Cream,70.92
MX,Pepper - Green,66.73
MX,Basil - Thai,50.06
US,"Yogurt - Strawberry, 175 Gr",22.1
CA,Triple Sec - Mcguinness,43.13
US,External Supplier,91.37
CA,Sugar - Individual Portions,25.99
US,"Lamb - Racks, Frenched",93.19
US,Bread - Olive,90.75
MX,"Split Peas - Yellow, Dry",40.31
MX,Beer - Muskoka Cream Ale,81.69
US,Halibut - Steaks,93.23
US,Chocolate - Mi - Amere Semi,95.33
US,English Muffin,32.18
US,Muffin - Mix - Bran And Maple 15l,83.7
US,"Placemat - Scallop, White",47.49
US,Cheese - Colby,98.96
US,Lidsoupcont Rp12dn,88.6
MX,Anisette - Mcguiness,35.69
CA,Eel - Smoked,95.74
CA,Cup - Paper 10oz 92959,78.08
US,"Wine - Red, Black Opal Shiraz",58.17
US,"Pasta - Detalini, White, Fresh",37.33
US,Sansho Powder,85.24
US,Yoghurt Tubes,51.66
CA,Bread - Bistro Sour,89.36
CA,Shrimp - Black Tiger 16/20,34.79
US,"Mushroom - Chantrelle, Fresh",81.71
CA,Bread - Corn Muffaleta Onion,29.58
US,Barley - Pearl,94.84
CA,Noodles - Steamed Chow Mein,98.16
US,Flour - All Purpose,34.03
US,"Vinegar - Balsamic, White",26.44
US,Muffin - Mix - Mango Sour Cherry,35.17
CA,"Crab - Claws, 26 - 30",46.57
CA,Food Colouring - Red,63.65
